x,y,psi,kappa,v
3.01,3.49,0.0,0.0,5.4782
3.0101,3.49,-0.4636,0.0,5.4287
3.0103,3.4899,-0.4636,0.0,5.3778
3.0106,3.4897,-0.4636,0.0,5.3254
3.011,3.4895,-0.4636,0.0,5.2715
3.0115,3.4893,-0.4636,0.0,5.216
3.0121,3.489,-0.4636,0.0,5.1589
3.0127,3.4886,-0.4636,0.0,5.1
3.0135,3.4882,-0.4636,0.0,5.0394
3.0144,3.4878,-0.4636,0.0,4.977
3.0154,3.4873,-0.4636,0.0,4.9127
3.0164,3.4868,-0.4636,0.0,4.8466
3.0176,3.4862,-0.4636,0.0,4.7787
3.0189,3.4856,-0.4636,0.0,4.7089
3.0203,3.4849,-0.4636,0.0,4.6373
3.0217,3.4841,-0.4636,0.0,4.564
3.0233,3.4834,-0.4636,0.0,4.4889
3.0249,3.4825,-0.4636,0.0,4.4124
3.0267,3.4817,-0.4636,0.0,4.3343
3.0286,3.4807,-0.4636,0.0,4.2549
3.0305,3.4797,-0.4636,0.0,4.1743
3.0326,3.4787,-0.4636,0.0,4.0927
3.0347,3.4776,-0.4636,0.0,4.01
3.037,3.4765,-0.4636,0.0,3.9264
3.0393,3.4754,-0.4636,0.0,3.8419
3.0417,3.4741,-0.4636,0.0,3.7565
3.0443,3.4729,-0.4636,0.0,3.6703
3.0469,3.4715,-0.4636,0.0,3.5832
3.0496,3.4702,-0.4636,0.0,3.4952
3.0525,3.4688,-0.4636,0.0,3.4065
3.0554,3.4673,-0.4636,0.0,3.3169
3.0584,3.4658,-0.4636,0.4615,3.2265
3.0616,3.4642,-0.4636,1.36,3.2194
3.0646,3.4627,-0.47,1.8931,3.2278
3.0677,3.4611,-0.4765,1.9668,3.2371
3.0706,3.4595,-0.4831,2.0442,3.2469
3.0736,3.458,-0.49,2.1253,3.2574
3.0765,3.4564,-0.497,2.2105,3.2686
3.0793,3.4548,-0.5042,2.2999,3.2807
3.0821,3.4533,-0.5116,2.3938,3.2937
3.0848,3.4517,-0.5191,2.4925,3.3077
3.0875,3.4502,-0.5269,2.5961,3.3227
3.0901,3.4486,-0.535,2.7051,3.3388
3.0927,3.447,-0.5432,2.8197,3.356
3.0953,3.4455,-0.5517,2.9402,3.3743
3.0977,3.4439,-0.5604,3.0669,3.3937
3.1002,3.4423,-0.5693,3.2003,3.4143
3.1026,3.4408,-0.5785,3.3406,3.4361
3.1049,3.4392,-0.588,3.4883,3.459
3.1072,3.4377,-0.5978,3.6438,3.483
3.1095,3.4361,-0.6078,3.8076,3.5082
3.1117,3.4345,-0.6181,3.9799,3.5345
3.1138,3.433,-0.6288,4.1614,3.5619
3.1159,3.4314,-0.6398,4.3525,3.5904
3.118,3.4298,-0.6511,4.5538,3.62
3.12,3.4283,-0.6627,4.7656,3.6506
3.1219,3.4267,-0.6747,4.9886,3.6823
3.1238,3.4252,-0.6871,5.2233,3.7149
3.1257,3.4236,-0.6999,5.4702,3.7486
3.1275,3.422,-0.7131,5.7299,3.7833
3.1292,3.4205,-0.7266,6.0029,3.8184
3.1309,3.4189,-0.7407,6.2898,3.8534
3.1326,3.4173,-0.7551,6.5911,3.8883
3.1342,3.4158,-0.77,8.769,3.923
3.1358,3.4142,-0.7854,10.4283,3.9577
3.1375,3.4124,-0.8132,8.4256,3.9922
3.1393,3.4104,-0.8354,6.2218,4.0265
3.1413,3.4081,-0.8535,4.7199,4.0606
3.1435,3.4055,-0.8685,3.6627,4.0945
3.1458,3.4027,-0.8813,2.8977,4.1282
3.1482,3.3997,-0.8921,2.331,4.1617
3.1508,3.3964,-0.9015,1.9025,4.195
3.1536,3.3929,-0.9098,1.5726,4.2279
3.1564,3.3892,-0.917,1.3146,4.2604
3.1595,3.3852,-0.9234,1.1099,4.2922
3.1626,3.3809,-0.9291,0.9455,4.3231
3.166,3.3764,-0.9343,0.812,4.3526
3.1694,3.3717,-0.9389,0.7024,4.3801
3.173,3.3667,-0.9432,0.6117,4.4051
3.1768,3.3615,-0.947,0.5359,4.427
3.1807,3.356,-0.9505,0.4721,4.4455
3.1848,3.3503,-0.9538,0.4181,4.46
3.189,3.3443,-0.9568,0.372,4.4704
3.1933,3.3381,-0.9595,0.3324,4.4765
3.1978,3.3317,-0.9621,0.2982,4.478
3.2024,3.325,-0.9645,0.2686,4.4751
3.2072,3.3181,-0.9667,0.2427,4.4677
3.2121,3.3109,-0.9688,0.2201,4.4559
3.2172,3.3035,-0.9707,0.2002,4.4398
3.2225,3.2958,-0.9726,0.1826,4.4196
3.2278,3.2879,-0.9743,0.167,4.3953
3.2333,3.2797,-0.9759,0.1531,4.3672
3.239,3.2713,-0.9774,0.1408,4.3357
3.2448,3.2627,-0.9789,0.1297,4.3014
3.2508,3.2538,-0.9803,0.1198,4.2644
3.2569,3.2447,-0.9816,0.1102,4.2249
3.2631,3.2353,-0.9828,0.1096,4.1827
3.2692,3.2261,-0.984,0.1178,4.1403
3.2752,3.2171,-0.9853,0.126,4.0997
3.281,3.2084,-0.9866,0.1351,4.061
3.2867,3.1998,-0.9881,0.145,4.0243
3.2922,3.1914,-0.9895,0.156,3.9897
3.2975,3.1832,-0.9911,0.1681,3.9574
3.3028,3.1752,-0.9927,0.1814,3.9276
3.3079,3.1673,-0.9944,0.1962,3.9004
3.3128,3.1597,-0.9962,0.2127,3.876
3.3176,3.1523,-0.9981,0.231,3.8545
3.3222,3.1451,-1.0001,0.2515,3.8361
3.3267,3.138,-1.0023,0.2745,3.8209
3.331,3.1312,-1.0045,0.3004,3.809
3.3352,3.1246,-1.0069,0.3297,3.8006
3.3393,3.1181,-1.0095,0.3629,3.7956
3.3432,3.1119,-1.0122,0.4006,3.7942
3.347,3.1058,-1.0151,0.4438,3.7964
3.3506,3.1,-1.0182,0.4934,3.8021
3.354,3.0943,-1.0215,0.5507,3.8111
3.3574,3.0888,-1.0251,0.6172,3.8234
3.3605,3.0836,-1.029,0.6947,3.8387
3.3636,3.0785,-1.0332,0.7858,3.8566
3.3664,3.0736,-1.0378,0.8935,3.877
3.3692,3.0689,-1.0427,1.0217,3.8993
3.3718,3.0644,-1.0481,1.1756,3.9233
3.3742,3.0601,-1.0541,1.3618,3.9485
3.3765,3.056,-1.0607,1.5893,3.9748
3.3787,3.0521,-1.068,1.8701,4.0019
3.3807,3.0484,-1.0761,2.2207,4.0297
3.3825,3.0449,-1.0852,2.6641,4.0581
3.3842,3.0416,-1.0955,2.8601,4.0871
3.3858,3.0384,-1.1071,2.1282,4.1167
3.3874,3.0352,-1.1131,1.4781,4.1468
3.3891,3.0317,-1.1186,1.3098,4.1772
3.3908,3.0282,-1.1237,1.166,4.208
3.3925,3.0245,-1.1284,1.0425,4.239
3.3943,3.0206,-1.1328,0.9357,4.2699
3.3962,3.0166,-1.1368,0.843,4.3006
3.3981,3.0125,-1.1406,0.7622,4.3309
3.4,3.0082,-1.1442,0.6913,4.3604
3.402,3.0037,-1.1475,0.6289,4.3889
3.4041,2.9991,-1.1506,0.5738,4.4162
3.4062,2.9944,-1.1535,0.5249,4.4421
3.4083,2.9895,-1.1563,0.4814,4.4663
3.4105,2.9845,-1.1589,0.4426,4.4886
3.4128,2.9793,-1.1614,0.4079,4.5091
3.4151,2.974,-1.1637,0.3766,4.5274
3.4174,2.9685,-1.1659,0.3485,4.5436
3.4198,2.9629,-1.168,0.3231,4.5576
3.4223,2.9571,-1.17,0.3001,4.5693
3.4247,2.9512,-1.1719,0.2793,4.5787
3.4273,2.9452,-1.1737,0.2603,4.5859
3.4299,2.939,-1.1754,0.243,4.5908
3.4325,2.9326,-1.1771,0.2272,4.5934
3.4352,2.9261,-1.1787,0.2128,4.5939
3.4379,2.9195,-1.1802,0.1995,4.5922
3.4407,2.9127,-1.1816,0.1873,4.5884
3.4435,2.9058,-1.183,0.1761,4.5825
3.4464,2.8987,-1.1844,0.1658,4.56
3.4494,2.8915,-1.1856,0.1562,4.5306
3.4523,2.8841,-1.1869,0.1474,4.4986
3.4554,2.8766,-1.1881,0.1392,4.4646
3.4584,2.8689,-1.1892,0.1311,4.4284
3.4616,2.8611,-1.1903,0.1301,4.3902
3.4646,2.8534,-1.1914,0.1358,4.3515
3.4677,2.8458,-1.1925,0.1413,4.3141
3.4706,2.8382,-1.1937,0.1472,4.2778
3.4736,2.8308,-1.1948,0.1533,4.2428
3.4765,2.8235,-1.1961,0.1598,4.2092
3.4793,2.8163,-1.1973,0.1666,4.177
3.4821,2.8091,-1.1986,0.1739,4.1464
3.4848,2.8021,-1.1999,0.1816,4.1175
3.4875,2.7952,-1.2013,0.1897,4.0903
3.4901,2.7883,-1.2027,0.1984,4.065
3.4927,2.7816,-1.2041,0.2075,4.0417
3.4953,2.775,-1.2056,0.2173,4.0203
3.4977,2.7684,-1.2071,0.2276,4.0011
3.5002,2.762,-1.2087,0.2386,3.984
3.5026,2.7556,-1.2103,0.2504,3.9691
3.5049,2.7494,-1.212,0.2629,3.9566
3.5072,2.7432,-1.2138,0.2763,3.9464
3.5095,2.7372,-1.2156,0.2905,3.9386
3.5117,2.7312,-1.2174,0.3058,3.9333
3.5138,2.7254,-1.2194,0.3222,3.9305
3.5159,2.7196,-1.2213,0.3398,3.9302
3.518,2.7139,-1.2234,0.3586,3.9324
3.52,2.7084,-1.2256,0.3789,3.9372
3.5219,2.7029,-1.2278,0.4007,3.9445
3.5238,2.6975,-1.2301,0.4242,3.9544
3.5257,2.6922,-1.2325,0.4496,3.9668
3.5275,2.6871,-1.235,0.4771,3.9765
3.5292,2.682,-1.2376,0.5068,3.9822
3.5309,2.677,-1.2402,0.539,3.9879
3.5326,2.6721,-1.2431,0.5741,3.9952
3.5342,2.6673,-1.246,0.6145,4.004
3.5358,2.6627,-1.249,0.6261,4.0144
3.5373,2.6579,-1.2521,0.6065,4.0252
3.5389,2.6531,-1.2552,0.5899,4.0353
3.5405,2.6483,-1.2582,0.574,4.0449
3.542,2.6434,-1.2611,0.5586,4.0539
3.5436,2.6385,-1.264,0.5437,4.0624
3.5452,2.6335,-1.2668,0.5293,4.0702
3.5467,2.6285,-1.2696,0.5154,4.0774
3.5483,2.6234,-1.2723,0.502,4.0839
3.5498,2.6183,-1.275,0.4891,4.0898
3.5514,2.6131,-1.2776,0.4766,4.0949
3.553,2.6079,-1.2802,0.4645,4.0994
3.5545,2.6026,-1.2827,0.4527,4.1031
3.5561,2.5973,-1.2852,0.4414,4.1061
3.5577,2.5919,-1.2877,0.4305,4.1083
3.5592,2.5865,-1.2901,0.4198,4.1098
3.5608,2.581,-1.2925,0.4096,4.1105
3.5623,2.5755,-1.2948,0.3996,4.1104
3.5639,2.5699,-1.2971,0.39,4.1095
3.5655,2.5643,-1.2994,0.3807,4.1078
3.567,2.5587,-1.3016,0.3716,4.1052
3.5686,2.5529,-1.3038,0.3629,4.1018
3.5702,2.5472,-1.306,0.3544,4.0976
3.5717,2.5414,-1.3081,0.3461,4.0925
3.5733,2.5355,-1.3102,0.3382,4.0865
3.5748,2.5296,-1.3123,0.3304,4.0796
3.5764,2.5236,-1.3143,0.3229,4.0719
3.578,2.5176,-1.3163,0.3156,4.0652
3.5795,2.5116,-1.3182,0.3085,4.0678
3.5811,2.5055,-1.3202,0.3017,4.0821
3.5827,2.4993,-1.3221,0.295,4.0954
3.5842,2.4931,-1.324,0.2885,4.1077
3.5858,2.4869,-1.3258,0.2822,4.119
3.5873,2.4806,-1.3276,0.2761,4.1291
3.5889,2.4742,-1.3294,0.2702,4.1382
3.5905,2.4678,-1.3312,0.2644,4.1461
3.592,2.4614,-1.333,0.2588,4.1529
3.5936,2.4549,-1.3347,0.2533,4.1585
3.5952,2.4483,-1.3364,0.248,4.163
3.5967,2.4418,-1.3381,0.2428,4.1662
3.5983,2.4351,-1.3397,0.2378,4.1681
3.5998,2.4284,-1.3413,0.2329,4.1687
3.6014,2.4217,-1.3429,0.2282,4.1681
3.603,2.4149,-1.3445,0.2235,4.166
3.6045,2.4081,-1.3461,0.219,4.1627
3.6061,2.4012,-1.3476,0.2146,4.1579
3.6077,2.3942,-1.3491,0.2104,4.1516
3.6092,2.3873,-1.3506,0.2062,4.1439
3.6108,2.3802,-1.3521,0.2022,4.1347
3.6123,2.3732,-1.3536,0.1982,4.124
3.6139,2.366,-1.355,0.1944,4.1116
3.6155,2.3588,-1.3565,0.1906,4.0977
3.617,2.3516,-1.3579,0.187,4.0822
3.6186,2.3443,-1.3592,0.1834,4.065
3.6202,2.337,-1.3606,0.1799,4.0462
3.6217,2.3296,-1.362,0.1765,4.0256
3.6233,2.3222,-1.3633,0.1732,4.0033
3.6248,2.3148,-1.3646,0.17,3.9793
3.6264,2.3072,-1.3659,0.1669,3.9535
3.628,2.2997,-1.3672,0.1638,3.9283
3.6295,2.2921,-1.3685,0.1608,3.9081
3.6311,2.2844,-1.3697,0.1579,3.8913
3.6327,2.2767,-1.371,0.155,3.8731
3.6342,2.2689,-1.3722,0.4941,3.8534
3.6358,2.2611,-1.3734,1.1194,3.8726
3.6373,2.253,-1.3851,1.328,3.9039
3.6388,2.2447,-1.3961,1.2227,3.9354
3.6402,2.2362,-1.4066,1.128,3.9661
3.6415,2.2274,-1.4165,1.0425,3.9959
3.6429,2.2184,-1.4259,0.9651,4.0247
3.6441,2.2091,-1.4348,0.8951,4.0524
3.6454,2.1996,-1.4433,0.8314,4.0788
3.6465,2.1898,-1.4514,0.7736,4.1036
3.6476,2.1798,-1.4591,0.7208,4.1269
3.6487,2.1695,-1.4664,0.6726,4.1484
3.6497,2.159,-1.4734,0.6286,4.1679
3.6507,2.1483,-1.4801,0.5882,4.1854
3.6517,2.1373,-1.4866,0.5511,4.2007
3.6525,2.1261,-1.4927,0.517,4.2138
3.6534,2.1146,-1.4986,0.4857,4.2245
3.6541,2.1029,-1.5042,0.4568,4.2327
3.6549,2.0909,-1.5096,0.4301,4.2385
3.6556,2.0787,-1.5149,0.4054,4.2419
3.6562,2.0663,-1.5199,0.3825,4.2428
3.6568,2.0536,-1.5247,0.3613,4.2412
3.6573,2.0406,-1.5293,0.3416,4.2373
3.6578,2.0275,-1.5338,0.3233,4.231
3.6582,2.014,-1.5381,0.3063,4.2224
3.6586,2.0004,-1.5422,0.2904,4.2116
3.659,1.9864,-1.5462,0.2756,4.1986
3.6593,1.9723,-1.5501,0.2617,4.1834
3.6595,1.9579,-1.5538,0.2488,4.1662
3.6597,1.9432,-1.5575,0.2367,4.147
3.6599,1.9283,-1.561,0.2254,4.1258
3.66,1.9132,-1.5643,0.2147,4.1027
3.66,1.8978,-1.5676,0.3059,4.0778
3.66,1.8822,-1.5708,0.5011,4.0659
3.6599,1.8666,-1.5802,0.6083,4.0701
3.6596,1.8511,-1.5897,0.6138,4.0796
3.6591,1.8356,-1.5992,0.6191,4.0901
3.6585,1.8202,-1.6088,0.6243,4.1015
3.6578,1.8048,-1.6184,0.6294,4.1141
3.6569,1.7895,-1.6281,0.6344,4.1279
3.6559,1.7742,-1.6378,0.6393,4.143
3.6547,1.7589,-1.6476,0.644,4.1594
3.6534,1.7438,-1.6574,0.6486,4.1772
3.6519,1.7286,-1.6673,0.653,4.1964
3.6503,1.7135,-1.6772,0.6573,4.2171
3.6486,1.6985,-1.6872,0.6614,4.2391
3.6467,1.6835,-1.6972,0.6653,4.2626
3.6446,1.6686,-1.7072,0.6691,4.2874
3.6424,1.6537,-1.7173,0.6727,4.3137
3.6401,1.6388,-1.7274,0.6761,4.3413
3.6376,1.624,-1.7376,0.6793,4.3702
3.635,1.6093,-1.7477,0.6824,4.4004
3.6322,1.5946,-1.7579,0.6852,4.4319
3.6292,1.5799,-1.7682,0.6879,4.4647
3.6262,1.5653,-1.7785,0.6903,4.4986
3.6229,1.5508,-1.7888,0.6925,4.5337
3.6196,1.5363,-1.7991,0.6945,4.57
3.6161,1.5218,-1.8094,0.6963,4.6073
3.6124,1.5074,-1.8198,0.6979,4.6458
3.6086,1.4931,-1.8301,0.6993,4.6853
3.6046,1.4788,-1.8405,0.7004,4.7195
3.6005,1.4645,-1.8509,0.7013,4.7461
3.5963,1.4503,-1.8613,0.702,4.7698
3.5919,1.4361,-1.8717,0.7025,4.7932
3.5873,1.422,-1.8821,0.5434,4.8163
3.5827,1.408,-1.8925,0.2319,4.8338
3.578,1.3941,-1.8936,0.0747,4.8228
3.5734,1.3804,-1.8947,0.0779,4.7769
3.5689,1.367,-1.8958,0.0813,4.7309
3.5644,1.3537,-1.897,0.0849,4.685
3.56,1.3406,-1.8981,0.0886,4.6393
3.5556,1.3277,-1.8993,0.0926,4.5938
3.5512,1.315,-1.9006,0.0969,4.5486
3.5469,1.3025,-1.9019,0.1014,4.5039
3.5427,1.2902,-1.9032,0.1062,4.4596
3.5385,1.2781,-1.9046,0.1113,4.4159
3.5343,1.2662,-1.906,0.1167,4.3728
3.5302,1.2545,-1.9075,0.1225,4.3306
3.5262,1.2429,-1.909,0.1287,4.2892
3.5222,1.2316,-1.9105,0.1353,4.2487
3.5182,1.2205,-1.9122,0.1424,4.2093
3.5143,1.2095,-1.9138,0.1499,4.1711
3.5104,1.1988,-1.9155,0.1581,4.1341
3.5066,1.1882,-1.9173,0.1668,4.0984
3.5029,1.1779,-1.9192,0.1761,4.0642
3.4992,1.1677,-1.9211,0.1862,4.0314
3.4955,1.1578,-1.9231,0.197,4.0003
3.4919,1.148,-1.9252,0.2087,3.9709
3.4883,1.1384,-1.9273,0.2213,3.9432
3.4848,1.1291,-1.9296,0.235,3.9174
3.4813,1.1199,-1.9319,0.2498,3.8935
3.4779,1.1109,-1.9343,0.2659,3.8716
3.4746,1.1021,-1.9369,0.2834,3.8517
3.4712,1.0935,-1.9395,0.3024,3.834
3.468,1.0851,-1.9422,0.3232,3.8185
3.4647,1.0769,-1.9451,0.346,3.8052
3.4616,1.0689,-1.9481,0.3086,3.7941
3.4584,1.0611,-1.9513,0.197,3.7789
3.4554,1.0534,-1.9524,0.1392,3.7472
3.4523,1.0459,-1.9535,0.1474,3.7034
3.4494,1.0385,-1.9547,0.1562,3.661
3.4464,1.0313,-1.956,0.1658,3.6201
3.4435,1.0242,-1.9572,0.1761,3.5808
3.4407,1.0173,-1.9586,0.1873,3.5432
3.4379,1.0105,-1.96,0.1995,3.5073
3.4352,1.0039,-1.9614,0.2128,3.4734
3.4325,0.9974,-1.9629,0.2272,3.4414
3.4299,0.991,-1.9645,0.243,3.4114
3.4273,0.9848,-1.9661,0.2603,3.3836
3.4247,0.9788,-1.9679,0.2793,3.3581
3.4223,0.9729,-1.9697,0.3001,3.3349
3.4198,0.9671,-1.9716,0.3231,3.314
3.4174,0.9615,-1.9736,0.3485,3.2956
3.4151,0.956,-1.9757,0.3766,3.2796
3.4128,0.9507,-1.9779,0.4079,3.2661
3.4105,0.9455,-1.9802,0.4426,3.2551
3.4083,0.9405,-1.9827,0.4814,3.2465
3.4062,0.9356,-1.9853,0.5249,3.2402
3.4041,0.9309,-1.9881,0.5738,3.2363
3.402,0.9263,-1.991,0.6289,3.2344
3.4,0.9218,-1.9941,0.6913,3.2346
3.3981,0.9175,-1.9974,0.7622,3.2365
3.3962,0.9134,-2.001,0.843,3.2401
3.3943,0.9094,-2.0047,0.9357,3.2451
3.3925,0.9055,-2.0088,1.0425,3.251
3.3908,0.9018,-2.0132,1.166,3.2577
3.3891,0.8983,-2.0179,1.3098,3.2652
3.3874,0.8948,-2.023,1.4781,3.2755
3.3858,0.8916,-2.0285,1.696,3.2926
3.3842,0.8884,-2.0344,1.6806,3.3173
3.3826,0.8852,-2.0404,1.4398,3.3477
3.3808,0.8817,-2.0458,1.256,3.3823
3.3789,0.8782,-2.0507,1.1021,3.4196
3.377,0.8745,-2.0553,0.9724,3.4586
3.3749,0.8706,-2.0594,0.8621,3.4986
3.3728,0.8666,-2.0633,0.7679,3.5388
3.3705,0.8625,-2.0668,0.6869,3.5787
3.3682,0.8582,-2.0701,0.6169,3.6177
3.3658,0.8537,-2.0732,0.5561,3.6556
3.3632,0.8491,-2.0761,0.503,3.6917
3.3606,0.8444,-2.0788,0.4564,3.726
3.3579,0.8395,-2.0813,0.4154,3.758
3.355,0.8345,-2.0836,0.3792,3.7877
3.3521,0.8293,-2.0859,0.3471,3.8149
3.3491,0.824,-2.088,0.3185,3.8394
3.3459,0.8185,-2.0899,0.2929,3.8613
3.3427,0.8129,-2.0918,0.27,3.8805
3.3394,0.8071,-2.0936,0.2494,3.8969
3.336,0.8012,-2.0953,0.2309,3.9107
3.3325,0.7952,-2.0969,0.2141,3.9218
3.3288,0.789,-2.0984,0.199,3.9304
3.3251,0.7826,-2.0998,0.1852,3.9364
3.3213,0.7761,-2.1012,0.1727,3.94
3.3174,0.7695,-2.1025,0.1613,3.9411
3.3134,0.7627,-2.1038,0.1508,3.94
3.3093,0.7558,-2.105,0.1413,3.9367
3.3051,0.7487,-2.1061,0.1325,3.9312
3.3008,0.7415,-2.1072,0.1244,3.9237
3.2964,0.7341,-2.1083,0.117,3.9143
3.2919,0.7266,-2.1093,0.1102,3.9029
3.2873,0.7189,-2.1103,0.1805,3.8896
3.2827,0.7111,-2.1112,0.3349,3.892
3.278,0.7034,-2.115,0.4351,3.9166
3.2734,0.6959,-2.1188,0.458,3.9501
3.2689,0.6885,-2.1228,0.4825,3.9855
3.2644,0.6813,-2.127,0.5087,4.0226
3.26,0.6742,-2.1313,0.5368,4.0616
3.2556,0.6673,-2.1357,0.5671,4.1023
3.2512,0.6605,-2.1403,0.5996,4.1447
3.2469,0.6539,-2.1451,0.6345,4.1888
3.2427,0.6474,-2.1501,0.6723,4.2344
3.2385,0.641,-2.1552,0.7129,4.2816
3.2343,0.6348,-2.1606,0.7569,4.3302
3.2302,0.6288,-2.1662,0.8045,4.3801
3.2262,0.6229,-2.172,0.8561,4.4312
3.2222,0.6171,-2.1781,0.9121,4.4835
3.2182,0.6115,-2.1844,0.973,4.5367
3.2143,0.606,-2.191,1.0392,4.5909
3.2104,0.6007,-2.198,1.1115,4.6457
3.2066,0.5955,-2.2052,1.1904,4.7011
3.2029,0.5905,-2.2127,1.2767,4.7567
3.1992,0.5856,-2.2207,1.3714,4.8122
3.1955,0.5809,-2.229,1.4753,4.8673
3.1919,0.5763,-2.2377,1.5896,4.921
3.1883,0.5718,-2.2469,1.7156,4.9721
3.1848,0.5675,-2.2565,1.8547,5.0188
3.1813,0.5634,-2.2667,2.0086,5.0581
3.1779,0.5594,-2.2774,2.1793,5.0886
3.1746,0.5555,-2.2887,2.3689,5.1156
3.1712,0.5518,-2.3007,2.5801,5.143
3.168,0.5483,-2.3134,2.8157,5.1743
3.1647,0.5448,-2.3268,3.0792,5.2059
3.1616,0.5416,-2.341,4.2511,5.2379
3.1584,0.5384,-2.3562,6.0759,5.2701
3.1552,0.5354,-2.387,6.5756,5.3028
3.1517,0.5323,-2.4167,6.2501,5.3357
3.1482,0.5294,-2.4455,5.9312,5.369
3.1445,0.5264,-2.4733,5.6209,5.4026
3.1406,0.5235,-2.5001,5.3205,5.4366
3.1366,0.5207,-2.526,5.0312,5.4709
3.1325,0.5179,-2.5509,4.7539,5.5056
3.1282,0.5152,-2.5749,4.4889,5.5406
3.1237,0.5125,-2.5979,4.2367,5.576
3.1191,0.5099,-2.6202,3.9971,5.6118
3.1144,0.5073,-2.6415,3.7703,5.6479
3.1095,0.5047,-2.6621,3.5558,5.6844
3.1045,0.5023,-2.6818,3.3535,5.7213
3.0993,0.4998,-2.7008,3.1628,5.7586
3.094,0.4974,-2.7191,2.9834,5.7962
3.0885,0.4951,-2.7367,2.8148,5.8343
3.0829,0.4928,-2.7536,2.6564,5.8728
3.0771,0.4905,-2.7699,2.5077,5.9116
3.0712,0.4883,-2.7855,2.3682,5.9509
3.0652,0.4862,-2.8006,2.2373,5.9906
3.059,0.4841,-2.8151,2.1146,6.0307
3.0526,0.482,-2.8291,1.9996,6.0712
3.0461,0.48,-2.8426,1.8917,6.1121
3.0395,0.4781,-2.8555,1.7906,6.1534
3.0327,0.4762,-2.8681,1.6958,6.1952
3.0258,0.4743,-2.8801,1.6069,6.2374
3.0187,0.4725,-2.8918,1.5234,6.2823
3.0115,0.4708,-2.903,1.4451,6.3372
3.0041,0.4691,-2.9138,1.3717,6.4014
2.9966,0.4674,-2.9243,1.3026,6.4661
2.9889,0.4658,-2.9344,4.1347,6.5311
2.9811,0.4642,-2.9442,4.1242,6.5972
2.9681,0.4624,-3.0034,1.5984,6.6638
2.9499,0.4604,-3.0292,0.6803,6.7308
2.9266,0.4581,-3.0436,0.35,6.7919
2.8981,0.4555,-3.0528,0.2031,6.8354
2.8644,0.4527,-3.0592,0.1282,6.8596
2.8255,0.4497,-3.0639,0.086,6.8684
2.7815,0.4464,-3.0674,0.0605,6.8662
2.7323,0.4429,-3.0703,0.0441,6.8562
2.6779,0.4392,-3.0726,0.0332,6.8407
2.6183,0.4352,-3.0745,0.0256,6.8211
2.5536,0.4309,-3.0761,0.0201,6.7984
2.4836,0.4264,-3.0774,0.0161,6.7734
2.4085,0.4217,-3.0786,0.0131,6.7464
2.3283,0.4167,-3.0796,0.0108,6.7179
2.2428,0.4115,-3.0805,0.009,6.688
2.1522,0.406,-3.0813,0.0076,6.6569
2.0564,0.4003,-3.082,0.0065,6.6248
1.9554,0.3943,-3.0827,0.0055,6.5918
1.8493,0.3881,-3.0832,0.0048,6.5578
1.7379,0.3817,-3.0838,0.0042,6.5231
1.6214,0.375,-3.0842,0.0036,6.4875
1.4997,0.3681,-3.0847,0.0032,6.4512
1.3729,0.3609,-3.0851,0.0028,6.4141
1.2409,0.3535,-3.0854,0.0025,6.3764
1.1037,0.3458,-3.0858,0.0023,6.3379
0.9613,0.3379,-3.0861,0.002,6.2987
0.8137,0.3297,-3.0864,0.0018,6.2483
0.661,0.3213,-3.0867,0.0016,6.19
0.5031,0.3127,-3.0869,0.0015,6.1299
0.34,0.3038,-3.0872,0.0014,6.0691
0.1717,0.2947,-3.0874,0.0011,6.0075
-0.0017,0.2853,-3.0876,0.0007,5.9452
-0.17,0.2762,-3.0877,0.0006,5.8821
-0.3332,0.2674,-3.0878,0.0007,5.8183
-0.4913,0.2589,-3.0879,0.0007,5.7538
-0.6442,0.2507,-3.088,0.0008,5.6886
-0.792,0.2428,-3.0881,0.0009,5.6228
-0.9347,0.2352,-3.0883,0.001,5.5563
-1.0722,0.2279,-3.0884,0.0011,5.4892
-1.2046,0.2209,-3.0885,0.0012,5.4214
-1.3319,0.2141,-3.0887,0.0014,5.3529
-1.4541,0.2077,-3.0889,0.0016,5.2838
-1.5712,0.2015,-3.0891,0.0018,5.2141
-1.6831,0.1957,-3.0893,0.0021,5.1437
-1.7899,0.1901,-3.0895,0.0024,5.0727
-1.8915,0.1848,-3.0898,0.0028,5.0011
-1.988,0.1798,-3.09,0.0033,4.9288
-2.0795,0.1752,-3.0904,0.0039,4.8561
-2.1657,0.1708,-3.0907,0.0047,4.7828
-2.2469,0.1667,-3.0911,0.0056,4.709
-2.3229,0.1629,-3.0915,0.0069,4.6349
-2.3938,0.1593,-3.092,0.0086,4.5605
-2.4596,0.1561,-3.0926,0.0108,4.486
-2.5202,0.1532,-3.0933,0.014,4.4116
-2.5757,0.1505,-3.0941,0.0184,4.3376
-2.6261,0.1482,-3.0951,0.025,4.2646
-2.6714,0.1462,-3.0963,0.0352,4.1931
-2.7115,0.1444,-3.0978,0.0516,4.1246
-2.7465,0.1429,-3.0998,0.0802,4.0611
-2.7764,0.1418,-3.1024,0.1344,4.0076
-2.8012,0.1409,-3.1061,0.2509,3.9703
-2.8208,0.1403,-3.1118,0.5521,3.9537
-2.8353,0.14,-3.1214,1.296,3.9619
-2.8447,0.14,3.1416,1.288,3.9799
-2.8541,0.14,3.1364,0.5555,3.9976
-2.8634,0.1401,3.1312,0.5554,4.0048
-2.8728,0.1403,3.126,0.5553,4.0116
-2.8822,0.1405,3.1208,0.5551,4.018
-2.8916,0.1407,3.1156,0.5549,4.0243
-2.9009,0.141,3.1104,0.5546,4.0303
-2.9103,0.1414,3.1052,0.5543,4.0361
-2.9197,0.1418,3.1,0.5539,4.0418
-2.9291,0.1422,3.0948,0.5535,4.0475
-2.9384,0.1427,3.0896,0.5531,4.053
-2.9478,0.1432,3.0844,0.5526,4.0586
-2.9572,0.1438,3.0792,0.552,4.0642
-2.9666,0.1444,3.074,0.5515,4.0697
-2.9759,0.1451,3.0688,0.5508,4.0753
-2.9853,0.1459,3.0636,0.5502,4.081
-2.9947,0.1466,3.0585,0.5495,4.0866
-3.0041,0.1475,3.0533,0.5487,4.0923
-3.0134,0.1483,3.0481,0.5479,4.098
-3.0228,0.1493,3.043,0.5471,4.1037
-3.0322,0.1503,3.0378,0.5462,4.1094
-3.0416,0.1513,3.0327,0.5453,4.1152
-3.0509,0.1524,3.0275,0.5443,4.1209
-3.0603,0.1535,3.0224,0.5433,4.1267
-3.0697,0.1546,3.0172,0.5423,4.1325
-3.0791,0.1559,3.0121,0.5412,4.1383
-3.0884,0.1571,3.007,0.5401,4.1441
-3.0978,0.1585,3.0019,0.5389,4.15
-3.1072,0.1598,2.9968,0.5377,4.1558
-3.1166,0.1612,2.9917,0.5364,4.1616
-3.1259,0.1627,2.9866,0.5352,4.1675
-3.1353,0.1642,2.9815,0.4223,4.1733
-3.1447,0.1658,2.9764,0.2011,4.1725
-3.154,0.1673,2.9756,0.0909,4.1456
-3.1633,0.1689,2.9747,0.0923,4.0936
-3.1725,0.1705,2.9739,0.0938,4.0416
-3.1817,0.172,2.973,0.0952,3.9894
-3.1908,0.1736,2.9721,0.0967,3.9371
-3.1999,0.1752,2.9712,0.0983,3.8846
-3.2089,0.1767,2.9703,0.0998,3.8321
-3.2179,0.1783,2.9694,0.1014,3.7795
-3.2269,0.1798,2.9685,0.103,3.7267
-3.2358,0.1814,2.9675,0.1047,3.674
-3.2446,0.183,2.9666,0.1064,3.6212
-3.2534,0.1845,2.9657,0.1081,3.5684
-3.2621,0.1861,2.9647,0.1099,3.5156
-3.2708,0.1877,2.9637,0.1117,3.4629
-3.2795,0.1892,2.9627,0.1135,3.4104
-3.288,0.1908,2.9617,0.1154,3.358
-3.2966,0.1923,2.9607,0.1174,3.3058
-3.3051,0.1939,2.9597,0.1193,3.254
-3.3135,0.1955,2.9587,0.1214,3.2024
-3.3219,0.197,2.9576,0.1234,3.1513
-3.3303,0.1986,2.9566,0.1255,3.1006
-3.3386,0.2002,2.9555,0.1277,3.0504
-3.3468,0.2017,2.9545,0.1299,3.0007
-3.355,0.2033,2.9534,0.1322,2.9517
-3.3632,0.2048,2.9523,0.1345,2.9032
-3.3713,0.2064,2.9512,0.1368,2.8554
-3.3794,0.208,2.95,0.1392,2.8025
-3.3874,0.2095,2.9489,0.1417,2.7492
-3.3953,0.2111,2.9477,0.1443,2.6959
-3.4032,0.2127,2.9466,0.1469,2.6426
-3.4111,0.2142,2.9454,0.337,2.5894
-3.4189,0.2158,2.9442,0.7224,2.5652
-3.4267,0.2174,2.937,0.9249,2.561
-3.4344,0.2191,2.9296,0.9381,2.5598
-3.4421,0.2208,2.9222,0.9515,2.5588
-3.4497,0.2225,2.9148,0.9649,2.5579
-3.4572,0.2243,2.9073,0.9785,2.5571
-3.4648,0.2262,2.8997,0.9921,2.5564
-3.4722,0.2281,2.892,1.0058,2.5558
-3.4796,0.23,2.8843,1.0196,2.5553
-3.487,0.232,2.8765,1.0334,2.5549
-3.4943,0.2341,2.8686,1.0473,2.5546
-3.5016,0.2362,2.8606,1.0613,2.5543
-3.5088,0.2383,2.8526,1.0752,2.5542
-3.516,0.2405,2.8445,1.0893,2.5541
-3.5232,0.2428,2.8364,1.1033,2.5542
-3.5302,0.2451,2.8281,1.1173,2.5543
-3.5373,0.2474,2.8198,1.1314,2.5544
-3.5442,0.2498,2.8115,1.1454,2.5547
-3.5512,0.2523,2.803,1.1595,2.5551
-3.5581,0.2547,2.7945,1.1735,2.5555
-3.5649,0.2573,2.786,1.1875,2.556
-3.5717,0.2599,2.7773,1.2014,2.5566
-3.5784,0.2625,2.7686,1.2152,2.5573
-3.5851,0.2652,2.7598,1.229,2.5581
-3.5918,0.2679,2.751,1.2428,2.559
-3.5983,0.2707,2.7421,1.2564,2.5599
-3.6049,0.2735,2.7331,1.2699,2.561
-3.6114,0.2764,2.7241,1.2833,2.562
-3.6178,0.2794,2.715,1.2965,2.5628
-3.6242,0.2823,2.7058,1.3096,2.5637
-3.6306,0.2854,2.6966,1.3226,2.5645
-3.6369,0.2884,2.6873,1.1093,2.5655
-3.6431,0.2916,2.6779,0.6897,2.5657
-3.6492,0.2946,2.6748,0.4943,2.5608
-3.6552,0.2977,2.6714,0.5294,2.5484
-3.661,0.3006,2.6679,0.5678,2.5377
-3.6667,0.3036,2.6642,0.6101,2.5286
-3.6722,0.3065,2.6604,0.6566,2.5211
-3.6775,0.3093,2.6564,0.7079,2.5149
-3.6828,0.3121,2.6521,0.7647,2.51
-3.6879,0.3148,2.6477,0.8277,2.5062
-3.6928,0.3175,2.6429,0.8977,2.5035
-3.6976,0.3201,2.638,0.9757,2.5017
-3.7022,0.3227,2.6327,1.063,2.5006
-3.7067,0.3253,2.6271,1.161,2.5
-3.711,0.3277,2.6212,1.2711,2.5
-3.7152,0.3302,2.615,1.3956,2.5003
-3.7193,0.3326,2.6083,1.5365,2.5009
-3.7232,0.3349,2.6012,1.6969,2.5017
-3.727,0.3372,2.5936,1.88,2.5026
-3.7306,0.3395,2.5854,2.0901,2.5036
-3.734,0.3417,2.5767,2.3321,2.5047
-3.7374,0.3438,2.5673,2.6122,2.5058
-3.7405,0.3459,2.5571,2.938,2.507
-3.7436,0.348,2.5462,3.3192,2.5082
-3.7464,0.35,2.5343,3.7676,2.5095
-3.7492,0.3519,2.5213,4.2982,2.5108
-3.7518,0.3538,2.5072,4.9303,2.5122
-3.7542,0.3557,2.4917,5.6884,2.5137
-3.7565,0.3575,2.4747,6.6041,2.516
-3.7587,0.3592,2.4559,7.7187,2.5228
-3.7607,0.3609,2.435,9.0864,2.5352
-3.7625,0.3626,2.4117,10.7787,2.5472
-3.7642,0.3642,2.3856,11.4052,2.5586
-3.7658,0.3658,2.3562,8.3735,2.5696
-3.7674,0.3674,2.3413,5.7629,2.58
-3.7691,0.3692,2.3276,5.0619,2.59
-3.7708,0.3711,2.3151,4.4681,2.5994
-3.7725,0.373,2.3036,3.9621,2.6083
-3.7743,0.3751,2.293,3.5286,2.6167
-3.7762,0.3772,2.2832,3.1552,2.6246
-3.7781,0.3795,2.274,2.832,2.632
-3.78,0.3818,2.2655,2.551,2.6389
-3.782,0.3842,2.2576,2.3055,2.6453
-3.7841,0.3868,2.2502,2.0902,2.6513
-3.7862,0.3894,2.2433,1.9006,2.6569
-3.7883,0.3921,2.2368,1.7331,2.662
-3.7905,0.395,2.2306,1.5845,2.6667
-3.7928,0.3979,2.2249,1.4523,2.671
-3.7951,0.4009,2.2194,1.3343,2.6749
-3.7974,0.4041,2.2143,1.2286,2.6783
-3.7998,0.4073,2.2094,1.1337,2.6812
-3.8023,0.4106,2.2048,1.0483,2.6835
-3.8047,0.414,2.2004,0.9712,2.6853
-3.8073,0.4175,2.1963,0.9014,2.6863
-3.8099,0.4212,2.1923,0.8382,2.6866
-3.8125,0.4249,2.1886,0.7806,2.6859
-3.8152,0.4287,2.185,0.7282,2.6843
-3.8179,0.4326,2.1815,0.6804,2.6816
-3.8207,0.4366,2.1782,0.6366,2.6776
-3.8235,0.4407,2.1751,0.5965,2.6724
-3.8264,0.4449,2.1721,0.5597,2.6657
-3.8294,0.4492,2.1692,0.5258,2.6583
-3.8323,0.4536,2.1665,0.4946,2.651
-3.8354,0.4581,2.1638,0.4658,2.6418
-3.8384,0.4627,2.1612,1.0912,2.6307
-3.8416,0.4673,2.1588,2.3065,2.6335
-3.8446,0.4721,2.1421,2.8586,2.6374
-3.8477,0.477,2.1258,2.7744,2.6412
-3.8506,0.482,2.1098,2.6914,2.6449
-3.8536,0.4871,2.0941,2.6098,2.6485
-3.8565,0.4922,2.0787,2.5296,2.652
-3.8593,0.4975,2.0636,2.4511,2.6553
-3.8621,0.5029,2.0489,2.3742,2.6586
-3.8648,0.5084,2.0344,2.2991,2.6619
-3.8675,0.5139,2.0203,2.2259,2.665
-3.8701,0.5196,2.0065,2.1544,2.6681
-3.8727,0.5254,1.9929,2.0849,2.6711
-3.8753,0.5312,1.9797,2.0173,2.6741
-3.8777,0.5372,1.9668,1.9516,2.677
-3.8802,0.5432,1.9541,1.8878,2.6799
-3.8826,0.5494,1.9417,1.8259,2.6827
-3.8849,0.5556,1.9296,1.766,2.6855
-3.8872,0.562,1.9177,1.7079,2.6883
-3.8895,0.5684,1.9061,1.6517,2.691
-3.8917,0.575,1.8948,1.5973,2.6937
-3.8938,0.5816,1.8837,1.5447,2.6963
-3.8959,0.5883,1.8729,1.4939,2.699
-3.898,0.5952,1.8623,1.4448,2.7015
-3.9,0.6021,1.8519,1.3974,2.704
-3.9019,0.6091,1.8417,1.3516,2.7065
-3.9038,0.6163,1.8318,1.3074,2.7089
-3.9057,0.6235,1.8221,1.2648,2.7112
-3.9075,0.6308,1.8126,1.2236,2.7134
-3.9092,0.6382,1.8034,1.184,2.7155
-3.9109,0.6458,1.7943,1.1457,2.7176
-3.9126,0.6534,1.7854,1.1089,2.7194
-3.9142,0.6611,1.7767,1.2248,2.7212
-3.9158,0.6689,1.7682,1.4986,2.7235
-3.9172,0.6768,1.755,1.6319,2.7263
-3.9186,0.6847,1.7419,1.6128,2.7295
-3.9199,0.6926,1.729,1.5932,2.733
-3.9211,0.7006,1.7161,1.5731,2.7369
-3.9221,0.7087,1.7033,1.5526,2.7413
-3.9231,0.7168,1.6907,1.5318,2.7465
-3.924,0.725,1.6782,1.5106,2.7526
-3.9248,0.7332,1.6657,1.4891,2.7596
-3.9254,0.7414,1.6534,1.4674,2.7677
-3.926,0.7497,1.6413,1.4454,2.7769
-3.9265,0.7581,1.6292,1.4233,2.7874
-3.9269,0.7665,1.6173,1.401,2.7991
-3.9272,0.7749,1.6055,1.3786,2.8121
-3.9274,0.7834,1.5938,1.3561,2.8264
-3.9275,0.792,1.5822,1.3336,2.842
-3.9275,0.8005,1.5708,1.311,2.8589
-3.9274,0.8092,1.5595,1.2885,2.877
-3.9272,0.8179,1.5483,1.266,2.8964
-3.9269,0.8266,1.5373,1.2436,2.917
-3.9265,0.8354,1.5264,1.2213,2.9387
-3.926,0.8442,1.5156,1.1991,2.9615
-3.9254,0.8531,1.505,1.177,2.9854
-3.9248,0.8621,1.4944,1.1551,3.0103
-3.924,0.8711,1.4841,1.1334,3.0362
-3.9231,0.8801,1.4738,1.1118,3.063
-3.9221,0.8892,1.4637,1.0905,3.0908
-3.9211,0.8983,1.4537,1.0694,3.1049
-3.9199,0.9075,1.4438,1.0485,3.1119
-3.9186,0.9167,1.4341,1.0279,3.1181
-3.9172,0.926,1.4245,1.0075,3.1246
-3.9158,0.9353,1.415,0.8058,3.1313
-3.9142,0.9447,1.4056,0.4525,3.1363
-3.9127,0.9539,1.4031,0.2857,3.1295
-3.9111,0.963,1.4004,0.2994,3.1076
-3.9095,0.9719,1.3977,0.3141,3.0878
-3.908,0.9807,1.3949,0.3297,3.0702
-3.9064,0.9894,1.3919,0.3463,3.0547
-3.9048,0.9979,1.3889,0.3641,3.0415
-3.9033,1.0062,1.3858,0.3831,3.0305
-3.9017,1.0144,1.3826,0.4034,3.0219
-3.9002,1.0225,1.3792,0.4252,3.0156
-3.8986,1.0304,1.3758,0.4485,3.0117
-3.897,1.0381,1.3722,0.4736,3.0102
-3.8955,1.0458,1.3685,0.5006,3.0109
-3.8939,1.0532,1.3646,0.5296,3.0141
-3.8923,1.0606,1.3606,0.5609,3.0194
-3.8908,1.0677,1.3565,0.5946,3.0271
-3.8892,1.0748,1.3521,0.6311,3.0369
-3.8877,1.0817,1.3476,0.6706,3.0487
-3.8861,1.0884,1.3429,0.7134,3.0626
-3.8845,1.095,1.3381,0.7599,3.0785
-3.883,1.1014,1.333,0.8105,3.0961
-3.8814,1.1077,1.3276,0.8655,3.1155
-3.8798,1.1139,1.3221,0.9256,3.1365
-3.8783,1.1199,1.3163,0.9912,3.1591
-3.8767,1.1257,1.3102,1.0631,3.183
-3.8752,1.1315,1.3038,1.142,3.2083
-3.8736,1.137,1.2971,1.2287,3.2348
-3.872,1.1424,1.2901,1.3243,3.2625
-3.8705,1.1477,1.2827,1.4297,3.2907
-3.8689,1.1528,1.275,1.5463,3.3189
-3.8673,1.1578,1.2668,1.6757,3.3471
-3.8658,1.1627,1.2582,1.5162,3.3751
-3.8642,1.1673,1.249,0.9621,3.4028
-3.8627,1.172,1.2459,0.6599,3.4285
-3.8611,1.1766,1.2427,0.679,3.4489
-3.8595,1.1811,1.2394,0.6989,3.4694
-3.858,1.1856,1.2361,0.7195,3.4902
-3.8564,1.19,1.2327,0.741,3.5111
-3.8548,1.1944,1.2292,0.7632,3.5322
-3.8533,1.1988,1.2256,0.7863,3.5533
-3.8517,1.2031,1.222,0.8104,3.5745
-3.8502,1.2073,1.2183,0.8354,3.5957
-3.8486,1.2115,1.2146,0.8614,3.6169
-3.847,1.2157,1.2107,0.8884,3.638
-3.8455,1.2198,1.2068,0.9165,3.6591
-3.8439,1.2238,1.2028,0.9458,3.6801
-3.8423,1.2278,1.1987,0.9763,3.7009
-3.8408,1.2318,1.1946,1.0081,3.7217
-3.8392,1.2357,1.1903,1.0413,3.7422
-3.8377,1.2396,1.1859,1.0758,3.7626
-3.8361,1.2434,1.1815,1.1118,3.7827
-3.8345,1.2471,1.1769,1.1494,3.8026
-3.833,1.2508,1.1723,1.1885,3.8223
-3.8314,1.2545,1.1675,1.2294,3.8418
-3.8298,1.2581,1.1626,1.2722,3.861
-3.8283,1.2617,1.1577,1.3168,3.88
-3.8267,1.2652,1.1526,1.3634,3.8987
-3.8252,1.2687,1.1474,1.4121,3.9172
-3.8236,1.2721,1.142,1.4631,3.9355
-3.822,1.2754,1.1366,1.5164,3.9553
-3.8205,1.2788,1.131,1.5722,3.9826
-3.8189,1.282,1.1252,1.6305,4.0175
-3.8173,1.2853,1.1193,1.6917,4.0529
-3.8158,1.2884,1.1133,2.2152,4.0888
-3.8142,1.2916,1.1071,2.8474,4.1253
-3.8125,1.2949,1.0955,2.6641,4.1622
-3.8107,1.2984,1.0852,2.2207,4.1997
-3.8087,1.3021,1.0761,1.8701,4.2376
-3.8065,1.306,1.068,1.5893,4.2759
-3.8042,1.3101,1.0607,1.3618,4.3147
-3.8018,1.3144,1.0541,1.1756,4.3536
-3.7992,1.3189,1.0481,1.0217,4.3926
-3.7964,1.3236,1.0427,0.8935,4.4313
-3.7936,1.3285,1.0378,0.7858,4.4694
-3.7905,1.3336,1.0332,0.6947,4.5065
-3.7874,1.3388,1.029,0.6172,4.5421
-3.784,1.3443,1.0251,0.5507,4.576
-3.7806,1.35,1.0215,0.4934,4.6077
-3.777,1.3558,1.0182,0.4438,4.637
-3.7732,1.3619,1.0151,0.4006,4.6637
-3.7693,1.3681,1.0122,0.3629,4.6875
-3.7652,1.3746,1.0095,0.3297,4.7084
-3.761,1.3812,1.0069,0.3004,4.7263
-3.7567,1.388,1.0045,0.2745,4.7412
-3.7522,1.3951,1.0023,0.2515,4.753
-3.7476,1.4023,1.0001,0.231,4.7619
-3.7428,1.4097,0.9981,0.2127,4.7678
-3.7379,1.4173,0.9962,0.1962,4.7709
-3.7328,1.4252,0.9944,0.1814,4.7712
-3.7275,1.4332,0.9927,0.1681,4.7688
-3.7222,1.4414,0.9911,0.156,4.7638
-3.7167,1.4498,0.9895,0.145,4.757
-3.711,1.4584,0.9881,0.1351,4.7486
-3.7052,1.4671,0.9866,0.126,4.7379
-3.6992,1.4761,0.9853,0.1178,4.7244
-3.6931,1.4853,0.984,0.3556,4.7083
-3.6869,1.4947,0.9828,0.7895,4.7296
-3.6803,1.5043,0.9711,0.939,4.7704
-3.6735,1.514,0.9601,0.8646,4.8128
-3.6664,1.524,0.9496,0.7976,4.8542
-3.6589,1.5341,0.9397,0.7371,4.8944
-3.6512,1.5445,0.9303,0.6825,4.9332
-3.6432,1.555,0.9214,0.6329,4.9704
-3.6349,1.5658,0.9129,0.5879,5.0058
-3.6263,1.5767,0.9048,0.547,5.0392
-3.6174,1.5879,0.8971,0.5097,5.0704
-3.6083,1.5992,0.8898,0.4756,5.0993
-3.5988,1.6107,0.8828,0.4445,5.1257
-3.589,1.6224,0.8761,0.4159,5.1496
-3.579,1.6343,0.8696,0.3897,5.1707
-3.5686,1.6464,0.8635,0.3656,5.189
-3.558,1.6588,0.8576,0.3434,5.2045
-3.547,1.6712,0.852,0.323,5.217
-3.5358,1.6839,0.8465,0.3041,5.2266
-3.5243,1.6968,0.8413,0.2866,5.2331
-3.5125,1.7099,0.8363,0.2705,5.2367
-3.5004,1.7232,0.8315,0.2555,5.2373
-3.4879,1.7367,0.8269,0.2415,5.2349
-3.4753,1.7504,0.8224,0.2286,5.2296
-3.4623,1.7642,0.8181,0.2166,5.2215
-3.449,1.7783,0.814,0.2053,5.2107
-3.4354,1.7925,0.81,0.1949,5.1971
-3.4215,1.807,0.8061,0.1851,5.181
-3.4074,1.8216,0.8023,0.1759,5.1631
-3.3929,1.8365,0.7987,0.1674,5.1455
-3.3782,1.8515,0.7952,0.1594,5.1291
-3.3631,1.8668,0.7918,0.1518,5.1115
-3.3478,1.8822,0.7886,0.1443,5.0929
-3.3322,1.8978,0.7854,0.1436,5.0733
-3.3167,1.9132,0.7822,0.1497,5.054
-3.3014,1.9283,0.779,0.1555,5.0366
-3.2862,1.9432,0.7757,0.1617,5.0211
-3.2712,1.9579,0.7722,0.1682,5.0074
-3.2563,1.9723,0.7687,0.175,4.9957
-3.2415,1.9864,0.7651,0.1822,4.986
-3.2269,2.0004,0.7614,0.1898,4.9783
-3.2125,2.014,0.7576,0.1978,4.9726
-3.1982,2.0275,0.7537,0.2063,4.969
-3.184,2.0406,0.7497,0.2152,4.9675
-3.17,2.0536,0.7456,0.2247,4.9682
-3.1561,2.0663,0.7413,0.2347,4.971
-3.1424,2.0787,0.7369,0.2453,4.9761
-3.1288,2.0909,0.7324,0.2565,4.9834
-3.1154,2.1029,0.7278,0.2684,4.993
-3.1021,2.1146,0.723,0.281,5.0049
-3.089,2.1261,0.718,0.2944,5.0192
-3.076,2.1373,0.7129,0.3087,5.0358
-3.0631,2.1483,0.7077,0.3238,5.0547
-3.0504,2.159,0.7023,0.34,5.076
-3.0379,2.1695,0.6966,0.3571,5.0997
-3.0255,2.1798,0.6909,0.3755,5.1257
-3.0132,2.1898,0.6849,0.395,5.1542
-3.0011,2.1996,0.6787,0.4159,5.185
-2.9892,2.2091,0.6722,0.4383,5.2181
-2.9774,2.2184,0.6656,0.4622,5.2536
-2.9657,2.2274,0.6587,0.4878,5.2893
-2.9542,2.2362,0.6516,0.5152,5.3231
-2.9428,2.2447,0.6442,0.5447,5.3568
-2.9316,2.253,0.6365,0.5764,5.392
-2.9205,2.2611,0.6285,0.4965,5.4288
-2.9095,2.2689,0.6202,0.2743,5.462
-2.8985,2.2767,0.6181,0.155,5.4757
-2.8875,2.2845,0.6161,0.1537,5.469
-2.8764,2.2923,0.614,0.1523,5.4617
-2.8653,2.3002,0.6119,0.151,5.4538
-2.8541,2.308,0.6098,0.1496,5.4454
-2.8429,2.3158,0.6078,0.1483,5.4363
-2.8316,2.3236,0.6058,0.147,5.4267
-2.8203,2.3314,0.6037,0.1458,5.4164
-2.8089,2.3392,0.6017,0.1445,5.4055
-2.7975,2.347,0.5997,0.1432,5.394
-2.786,2.3548,0.5978,0.142,5.3819
-2.7745,2.3627,0.5958,0.1408,5.3691
-2.7629,2.3705,0.5938,0.1395,5.3557
-2.7513,2.3783,0.5919,0.1383,5.3417
-2.7396,2.3861,0.5899,0.1371,5.327
-2.7279,2.3939,0.588,0.136,5.3116
-2.7161,2.4017,0.5861,0.1348,5.2956
-2.7043,2.4095,0.5842,0.1336,5.2789
-2.6924,2.4173,0.5823,0.1325,5.2616
-2.6805,2.4252,0.5804,0.1313,5.2435
-2.6686,2.433,0.5785,0.1302,5.2248
-2.6566,2.4408,0.5767,0.1291,5.2054
-2.6445,2.4486,0.5748,0.128,5.1852
-2.6324,2.4564,0.573,0.1269,5.1644
-2.6202,2.4642,0.5711,0.1258,5.1428
-2.608,2.472,0.5693,0.1248,5.1206
-2.5958,2.4798,0.5675,0.1237,5.0993
-2.5835,2.4877,0.5657,0.1227,5.082
-2.5711,2.4955,0.5639,0.1216,5.0672
-2.5587,2.5033,0.5621,0.1206,5.0522
-2.5462,2.5111,0.5604,0.1133,5.037
-2.5338,2.5189,0.5586,0.1035,5.0199
-2.5214,2.5266,0.5572,0.1027,5.0003
-2.5093,2.5341,0.5557,0.1081,4.9805
-2.4974,2.5415,0.5542,0.1139,4.962
-2.4857,2.5487,0.5526,0.1201,4.945
-2.4742,2.5558,0.5509,0.1267,4.9295
-2.4629,2.5627,0.5492,0.1339,4.9156
-2.4517,2.5695,0.5475,0.1416,4.9034
-2.4408,2.5761,0.5457,0.1499,4.8931
-2.43,2.5826,0.5438,0.1589,4.8846
-2.4195,2.589,0.5418,0.1685,4.8781
-2.4091,2.5952,0.5397,0.179,4.8737
-2.399,2.6012,0.5376,0.1904,4.8715
-2.389,2.6071,0.5354,0.2028,4.8715
-2.3793,2.6129,0.533,0.2162,4.874
-2.3697,2.6185,0.5306,0.2309,4.8789
-2.3603,2.624,0.5281,0.2469,4.8864
-2.3511,2.6293,0.5254,0.2644,4.8966
-2.3421,2.6345,0.5227,0.2836,4.9096
-2.3334,2.6395,0.5197,0.3047,4.9253
-2.3248,2.6444,0.5167,0.3279,4.944
-2.3164,2.6491,0.5135,0.3536,4.9655
-2.3082,2.6537,0.5101,0.382,4.9901
-2.3002,2.6582,0.5066,0.4135,5.0176
-2.2923,2.6625,0.5028,0.4485,5.0481
-2.2847,2.6666,0.4989,0.4876,5.0815
-2.2773,2.6706,0.4947,0.5314,5.1178
-2.2701,2.6745,0.4903,0.5805,5.1534
-2.263,2.6782,0.4856,0.6357,5.186
-2.2562,2.6817,0.4806,0.6982,5.2185
-2.2496,2.6852,0.4753,0.7691,5.2528
-2.2431,2.6884,0.4697,0.7478,5.2888
-2.2369,2.6916,0.4636,0.5453,5.3245
-2.2305,2.6947,0.4606,0.4059,5.3541
-2.2239,2.698,0.4577,0.3812,5.3754
-2.2172,2.7012,0.4549,0.3584,5.3947
-2.2104,2.7046,0.4522,0.3374,5.4119
-2.2034,2.7079,0.4496,0.3179,5.4269
-2.1963,2.7113,0.4471,0.3,5.4398
-2.189,2.7148,0.4447,0.2833,5.4506
-2.1816,2.7183,0.4424,0.2679,5.4591
-2.174,2.7219,0.4402,0.2536,5.4655
-2.1663,2.7255,0.438,0.2403,5.4698
-2.1585,2.7292,0.4359,0.2278,5.4719
-2.1504,2.7329,0.434,0.2163,5.4718
-2.1423,2.7366,0.432,0.2054,5.4696
-2.134,2.7404,0.4302,0.1953,5.4654
-2.1255,2.7443,0.4284,0.1859,5.4591
-2.117,2.7482,0.4266,0.177,5.4508
-2.1082,2.7522,0.4249,0.1687,5.4404
-2.0993,2.7562,0.4233,0.1609,5.4281
-2.0903,2.7602,0.4217,0.1536,5.4139
-2.0811,2.7643,0.4202,0.1467,5.3977
-2.0718,2.7685,0.4187,0.1403,5.3797
-2.0623,2.7727,0.4173,0.1342,5.3598
-2.0527,2.7769,0.4159,0.1284,5.3382
-2.0429,2.7812,0.4145,0.123,5.3147
-2.033,2.7856,0.4132,0.1178,5.2895
-2.023,2.79,0.4119,0.113,5.2626
-2.0128,2.7944,0.4107,0.1084,5.2345
-2.0024,2.7989,0.4094,0.1041,5.2075
-1.9919,2.8034,0.4083,0.0999,5.1831
-1.9813,2.808,0.4071,0.096,5.1602
-1.9705,2.8127,0.406,0.1151,5.1386
-1.9595,2.8173,0.4049,0.1594,5.1239
-1.9486,2.822,0.4027,0.1856,5.1212
-1.9378,2.8266,0.4005,0.1886,5.1254
-1.927,2.8311,0.3983,0.1917,5.1316
-1.9163,2.8356,0.3961,0.1949,5.1397
-1.9056,2.84,0.3938,0.1982,5.1495
-1.8949,2.8444,0.3915,0.2015,5.1609
-1.8843,2.8488,0.3892,0.2049,5.1738
-1.8738,2.8531,0.3869,0.2083,5.1882
-1.8633,2.8573,0.3845,0.2119,5.2038
-1.8528,2.8615,0.3821,0.2155,5.2207
-1.8424,2.8657,0.3797,0.2192,5.2389
-1.8321,2.8698,0.3772,0.223,5.2582
-1.8218,2.8738,0.3748,0.2268,5.2787
-1.8115,2.8778,0.3723,0.2308,5.3004
-1.8013,2.8818,0.3697,0.2348,5.3231
-1.7912,2.8857,0.3672,0.2389,5.347
-1.7811,2.8896,0.3646,0.2431,5.3719
-1.771,2.8934,0.362,0.2474,5.3979
-1.761,2.8971,0.3593,0.2518,5.425
-1.751,2.9008,0.3566,0.2564,5.4532
-1.7411,2.9045,0.3539,0.261,5.4824
-1.7313,2.9081,0.3512,0.2657,5.5128
-1.7214,2.9117,0.3484,0.2705,5.5441
-1.7117,2.9152,0.3456,0.2754,5.5766
-1.702,2.9187,0.3427,0.2805,5.6102
-1.6923,2.9221,0.3398,0.2856,5.6448
-1.6827,2.9254,0.3369,0.2909,5.68
-1.6731,2.9288,0.3339,0.2963,5.7153
-1.6636,2.932,0.331,0.3018,5.7511
-1.6541,2.9353,0.3279,0.3075,5.7881
-1.6447,2.9384,0.3249,0.2744,5.8261
-1.6353,2.9416,0.3218,0.1966,5.8605
-1.6259,2.9447,0.3202,0.1548,5.883
-1.6164,2.9478,0.3187,0.1527,5.8977
-1.6069,2.9509,0.3171,0.1506,5.912
-1.5973,2.9541,0.3156,0.1485,5.9261
-1.5877,2.9572,0.3141,0.1465,5.9399
-1.578,2.9603,0.3126,0.1445,5.9534
-1.5683,2.9634,0.3112,0.1425,5.9666
-1.5586,2.9666,0.3097,0.1406,5.9796
-1.5487,2.9697,0.3083,0.1387,5.9924
-1.5389,2.9728,0.3068,0.1368,6.0048
-1.529,2.9759,0.3054,0.135,6.017
-1.519,2.9791,0.304,0.1332,6.0289
-1.509,2.9822,0.3026,0.1315,6.0406
-1.4989,2.9853,0.3012,0.1297,6.052
-1.4888,2.9884,0.2999,0.128,6.0631
-1.4787,2.9916,0.2985,0.1263,6.074
-1.4685,2.9947,0.2972,0.1247,6.0846
-1.4582,2.9978,0.2958,0.1231,6.095
-1.4479,3.0009,0.2945,0.1215,6.1051
-1.4376,3.0041,0.2932,0.1199,6.115
-1.4272,3.0072,0.2919,0.1184,6.1245
-1.4167,3.0103,0.2906,0.1169,6.1339
-1.4062,3.0134,0.2893,0.1154,6.143
-1.3957,3.0166,0.2881,0.1139,6.1518
-1.3851,3.0197,0.2868,0.1125,6.1604
-1.3744,3.0228,0.2856,0.1111,6.1687
-1.3637,3.0259,0.2843,0.1097,6.1762
-1.353,3.0291,0.2831,0.1083,6.1821
-1.3422,3.0322,0.2819,0.1069,6.1871
-1.3314,3.0353,0.2807,0.1056,6.1917
-1.3205,3.0384,0.2795,0.1432,6.1958
-1.3095,3.0416,0.2783,0.2219,6.2089
-1.2986,3.0446,0.2753,0.2655,6.2373
-1.2878,3.0477,0.2723,0.2697,6.2723
-1.277,3.0506,0.2693,0.2741,6.3081
-1.2663,3.0536,0.2663,0.2786,6.3447
-1.2556,3.0565,0.2632,0.2831,6.382
-1.2449,3.0593,0.26,0.2878,6.4202
-1.2343,3.0621,0.2569,0.2925,6.4592
-1.2238,3.0648,0.2537,0.2974,6.499
-1.2133,3.0675,0.2504,0.3023,6.5396
-1.2028,3.0701,0.2472,0.3073,6.581
-1.1924,3.0727,0.2439,0.3124,6.6233
-1.1821,3.0753,0.2405,0.3177,6.6663
-1.1718,3.0777,0.2372,0.323,6.7101
-1.1615,3.0802,0.2337,0.3285,6.7548
-1.1513,3.0826,0.2303,0.334,6.8002
-1.1412,3.0849,0.2268,0.3397,6.8465
-1.1311,3.0872,0.2233,0.3455,6.8935
-1.121,3.0895,0.2197,0.3514,6.9413
-1.111,3.0917,0.2161,0.3575,6.99
-1.101,3.0938,0.2124,0.3636,7.0394
-1.0911,3.0959,0.2087,0.3699,7.0896
-1.0813,3.098,0.205,0.3763,7.1406
-1.0714,3.1,0.2012,0.3829,7.1923
-1.0617,3.1019,0.1974,0.3896,7.2448
-1.052,3.1038,0.1935,0.3964,7.298
-1.0423,3.1057,0.1896,0.4033,7.352
-1.0327,3.1075,0.1857,0.4105,7.4081
-1.0231,3.1092,0.1816,0.4177,7.4683
-1.0136,3.1109,0.1776,0.4251,7.5313
-1.0041,3.1126,0.1735,0.4327,7.5952
-0.9947,3.1142,0.1693,0.4232,7.6602
-0.9853,3.1158,0.1651,0.3387,7.7249
-0.9752,3.1174,0.162,0.2502,7.7827
-0.9642,3.1192,0.1594,0.2022,7.8299
-0.9525,3.1211,0.157,0.1657,7.8696
-0.94,3.123,0.155,0.1375,7.9025
-0.9267,3.1251,0.1532,0.1153,7.9294
-0.9127,3.1272,0.1516,0.0977,7.9509
-0.8978,3.1295,0.1502,0.0835,7.9677
-0.8822,3.1318,0.1489,0.0719,7.9805
-0.8658,3.1342,0.1477,0.0623,7.9898
-0.8486,3.1368,0.1467,0.0544,7.9958
-0.8306,3.1394,0.1457,0.0478,7.9992
-0.8119,3.1421,0.1448,0.0422,8.0
-0.7923,3.145,0.144,0.0374,7.9986
-0.772,3.1479,0.1432,0.0334,7.9952
-0.7509,3.1509,0.1425,0.0299,7.99
-0.7291,3.1541,0.1419,0.0268,7.983
-0.7064,3.1573,0.1413,0.0242,7.9744
-0.683,3.1606,0.1407,0.0219,7.9644
-0.6587,3.164,0.1402,0.0199,7.9529
-0.6338,3.1675,0.1397,0.0181,7.94
-0.608,3.1712,0.1392,0.0165,7.9258
-0.5814,3.1749,0.1388,0.0151,7.9103
-0.5541,3.1787,0.1384,0.0139,7.8935
-0.5259,3.1826,0.138,0.0128,7.8755
-0.497,3.1866,0.1376,0.0118,7.8562
-0.4673,3.1907,0.1373,0.0109,7.8357
-0.4369,3.1949,0.137,0.0101,7.8173
-0.4056,3.1992,0.1366,0.0094,7.8065
-0.3736,3.2036,0.1363,0.0087,7.8009
-0.3408,3.2081,0.1361,0.0081,7.7951
-0.3072,3.2127,0.1358,0.0113,7.7889
-0.2728,3.2173,0.1355,0.0181,7.7839
-0.2382,3.222,0.1348,0.0214,7.7814
-0.2035,3.2267,0.134,0.021,7.7801
-0.1685,3.2314,0.1333,0.0207,7.7787
-0.1334,3.2361,0.1326,0.0204,7.7771
-0.098,3.2408,0.1318,0.02,7.7754
-0.0625,3.2455,0.1311,0.0197,7.7735
-0.0267,3.2502,0.1304,0.0194,7.7715
0.0092,3.2548,0.1297,0.0191,7.7694
0.0454,3.2595,0.129,0.0188,7.7671
0.0817,3.2642,0.1283,0.0185,7.7647
0.1182,3.2689,0.1276,0.0182,7.7621
0.1549,3.2736,0.127,0.0179,7.7595
0.1918,3.2783,0.1263,0.0176,7.7567
0.2289,3.283,0.1257,0.0174,7.7537
0.2662,3.2877,0.125,0.0171,7.7506
0.3037,3.2923,0.1244,0.0168,7.7475
0.3414,3.297,0.1237,0.0166,7.7441
0.3793,3.3017,0.1231,0.0163,7.7407
0.4174,3.3064,0.1225,0.0161,7.7371
0.4557,3.3111,0.1218,0.0158,7.7334
0.4942,3.3158,0.1212,0.0156,7.7295
0.5329,3.3205,0.1206,0.0154,7.7256
0.5717,3.3252,0.12,0.0151,7.7215
0.6108,3.3298,0.1194,0.0149,7.7172
0.65,3.3345,0.1188,0.0147,7.7129
0.6895,3.3392,0.1183,0.0145,7.7084
0.7291,3.3439,0.1177,0.0143,7.7038
0.769,3.3486,0.1171,0.0141,7.6991
0.809,3.3533,0.1165,0.0139,7.6943
0.8493,3.358,0.116,0.0137,7.6893
0.8897,3.3627,0.1154,0.0179,7.6842
0.9303,3.3673,0.1149,0.0271,7.6806
0.9705,3.3719,0.1136,0.0326,7.6804
1.0104,3.3764,0.1123,0.0336,7.6821
1.0498,3.3808,0.1109,0.0347,7.6842
1.0889,3.3851,0.1096,0.0357,7.6866
1.1276,3.3893,0.1082,0.0369,7.6895
1.1659,3.3934,0.1067,0.038,7.6927
1.2038,3.3974,0.1053,0.0392,7.6964
1.2413,3.4013,0.1038,0.0405,7.7005
1.2784,3.4051,0.1023,0.0418,7.7051
1.3151,3.4088,0.1007,0.0432,7.7102
1.3514,3.4125,0.0991,0.0446,7.7159
1.3873,3.416,0.0975,0.0461,7.722
1.4229,3.4194,0.0959,0.0477,7.7287
1.458,3.4227,0.0942,0.0493,7.736
1.4928,3.4259,0.0924,0.0511,7.744
1.5272,3.4291,0.0907,0.0529,7.7525
1.5612,3.4321,0.0888,0.0547,7.7617
1.5948,3.435,0.087,0.0567,7.7716
1.628,3.4379,0.0851,0.0588,7.7823
1.6608,3.4406,0.0831,0.0609,7.7937
1.6932,3.4432,0.0811,0.0632,7.8059
1.7252,3.4458,0.0791,0.0656,7.8189
1.7569,3.4482,0.077,0.0681,7.8328
1.7881,3.4505,0.0749,0.0707,7.8477
1.819,3.4528,0.0727,0.0735,7.8634
1.8495,3.4549,0.0704,0.0764,7.8497
1.8795,3.457,0.0681,0.0795,7.8313
1.9092,3.4589,0.0657,0.0828,7.8134
1.9385,3.4608,0.0632,0.0862,7.7962
1.9674,3.4626,0.0607,0.0898,7.7798
1.9959,3.4642,0.0582,0.0793,7.7643
2.0241,3.4658,0.0555,0.0529,7.7456
2.0518,3.4673,0.0544,0.0397,7.7187
2.0793,3.4688,0.0533,0.0412,7.6872
2.1064,3.4702,0.0522,0.0428,7.6558
2.1331,3.4715,0.0511,0.0445,7.6246
2.1596,3.4729,0.0499,0.0463,7.5937
2.1856,3.4741,0.0487,0.0481,7.563
2.2114,3.4754,0.0474,0.0501,7.5327
2.2368,3.4765,0.0461,0.0522,7.5027
2.2618,3.4776,0.0448,0.0543,7.4731
2.2865,3.4787,0.0435,0.0567,7.4439
2.3109,3.4797,0.0421,0.0591,7.4151
2.3349,3.4807,0.0406,0.0617,7.3868
2.3586,3.4817,0.0392,0.0644,7.359
2.3819,3.4825,0.0376,0.0673,7.3318
2.4049,3.4834,0.0361,0.0704,7.3052
2.4276,3.4841,0.0345,0.0737,7.2793
2.4499,3.4849,0.0328,0.0772,7.2541
2.4719,3.4856,0.0311,0.0809,7.2296
2.4935,3.4862,0.0293,0.0848,7.206
2.5148,3.4868,0.0275,0.089,7.1833
2.5357,3.4873,0.0256,0.0935,7.1615
2.5563,3.4878,0.0237,0.0983,7.1408
2.5766,3.4882,0.0217,0.1034,7.1211
2.5965,3.4886,0.0196,0.1089,7.1026
2.6161,3.489,0.0175,0.1147,7.0854
2.6353,3.4893,0.0152,0.121,7.0694
2.6542,3.4895,0.0129,0.1278,7.0549
2.6728,3.4897,0.0105,0.1351,7.0419
2.691,3.4899,0.008,0.1429,7.0304
2.7089,3.49,0.0055,0.1513,7.0206
2.7264,3.49,0.0028,0.1197,7.0126
2.7436,3.49,0.0,0.0426,6.9972
2.7602,3.49,0.0,0.0,6.9593
2.7764,3.49,0.0,0.0,6.9054
2.7919,3.49,0.0,0.0,6.8511
2.807,3.49,0.0,0.0,6.7963
2.8215,3.49,0.0,0.0,6.7412
2.8354,3.49,0.0,0.0,6.6859
2.8489,3.49,0.0,0.0,6.6307
2.8618,3.49,0.0,0.0,6.5757
2.8741,3.49,0.0,0.0,6.5211
2.8859,3.49,0.0,0.0,6.467
2.8972,3.49,0.0,0.0,6.4136
2.9079,3.49,0.0,0.0,6.361
2.9182,3.49,0.0,0.0,6.3092
2.9278,3.49,0.0,0.0,6.2583
2.937,3.49,0.0,0.0,6.2083
2.9455,3.49,0.0,0.0,6.1592
2.9536,3.49,0.0,0.0,6.1109
2.9611,3.49,0.0,0.0,6.0634
2.9681,3.49,0.0,0.0,6.0167
2.9746,3.49,0.0,0.0,5.9707
2.9805,3.49,0.0,0.0,5.9254
2.9858,3.49,0.0,0.0,5.8806
2.9907,3.49,0.0,0.0,5.8364
2.995,3.49,0.0,0.0,5.7926
2.9987,3.49,0.0,0.0,5.7493
3.0019,3.49,0.0,0.0,5.7065
3.0046,3.49,0.0,0.0,5.6632
3.0068,3.49,0.0,0.0,5.6188
3.0084,3.49,0.0,0.0,5.5732
3.0095,3.49,0.0,0.0,5.5264
